FPR,FNR,Precision,Recall,F1_Score,Total_Points,Anomalies_Detected
0.006444956586986815,0.8876582278481012,0.1286231884057971,0.11234177215189874,0.11993243243243241,75264,552
